INSERT INTO [Company] VALUES
 (111, 'Amazon');
INSERT INTO [Company] VALUES 
    (222, 'Oracle');
INSERT INTO [Company] VALUES 
    (333, 'Google');
INSERT INTO [Company] VALUES 
    (444, 'GE');
INSERT INTO [Company] VALUES 
    (555, 'Salesforce');


INSERT INTO [Student] VALUES
    (32955723,004, 'John','Johnson','M', '123 Baltimore Ave', 2109822345, 3.9, 2020, 'NonCitizen', 'Job');
INSERT INTO [Student] VALUES
    (57839457,003, 'Joana','Yard','M', '445 Baltimore Ave', 8019876453, 4.0, 2019, 'NonCitizen', 'Internship');
INSERT INTO [Student] VALUES
    (98898765,001, 'Miguel','Decastro','M', '880 New Jersey Ave', 9098765463, 4.0,  2019, 'Citizen', 'Internship');
INSERT INTO [Student] VALUES
    (113455733,002, 'Nisha','Adam','F', '11th Ave Apt', 7670987654, 3.8,  2018, 'NonCitizen', 'Internship');
INSERT INTO [Student] VALUES
    (129557234,004, 'Mindy','Johnson','F', '139 Jersey Ave', 2109822345, 3.9,  2020, 'NonCitizen', 'Internship');
INSERT INTO [Student] VALUES
    (183455555,004, 'Emma','Stone','F', '50th Ave 504 Apt', 9197263545, 3.7,  2018, 'NonCitizen', 'Internship');
INSERT INTO [Student] VALUES
    (183455777,001, 'Bob','Stark','F', '40th Ave Appt', 9197263545, 3.7, 2018, 'NonCitizen', 'Job');
INSERT INTO [Student] VALUES
    (346655705,001, 'Bo','Haan','M', '8390th Boston St', 9876457465, 3.5, 2020, 'NonCitizen', 'Internship');
INSERT INTO [Student] VALUES
    (392837465,003, 'Sasha','Red','M', '123 Baltimore Ave', 2109822345, 3.9,2020, 'NonCitizen','Job');
INSERT INTO [Student] VALUES
    (453455765,002, 'Akshita','Jaitley','F', '8047 Baltimore Ave',  6547898734,4.0,2019, 'Citizen','Internship');
INSERT INTO [Student] VALUES
    (553455706,002, 'Jose','Dark','M', '445 Baltimore Ave', 8019876453, 4.0,  2019, 'NonCitizen', 'Internship');
INSERT INTO [Student] VALUES
    (553495706,004, 'Sally','Monk','M', '445 Baltimore Ave', 8019876453, 4.0,  2019, 'NonCitizen', 'Internship');
INSERT INTO [Student] VALUES
    (555566543,001, 'john','Stark','M', '40th Ave CBC Appt', 8017267523, 3.9,  2019, 'Citizen', 'Internship');
INSERT INTO [Student] VALUES
    (558893765,002, 'Harsha','Das','M', '770 New Hampshire Ave', 3078765459, 4.0,  2017, 'NonCitizen', 'Job');
INSERT INTO [Student] VALUES
    (564094349,003, 'Diana','Parer','F', '412M St NW', 6096398641, 3.2,  2020, 'Citizen', 'Job');
INSERT INTO [Student] VALUES
    (578394857,003, 'Joana','Yard','M', '445 Baltimore Ave', 8019876453, 4.0,  2019, 'NonCitizen', 'Internship');
INSERT INTO [Student] VALUES
    (578394857,003, 'Joana','Yard','M', '445 Baltimore Ave', 8019876453, 4.0,  2019, 'NonCitizen', 'Internship');
INSERT INTO [Student] VALUES
    (668898765,003, 'Vishal','Nirmal','M', '880 New York Ave', 6078765461, 4.0, 2019,  'Citizen', 'Internship');
INSERT INTO [Student] VALUES
    (673455709,003, 'Ameya','Moby','M', '412 M St NW', 9098768986, 3.2, 2020,  'Citizen', 'Job');
INSERT INTO [Student] VALUES
    (823743237,004, 'Misha','Thiago','F', '67th Ave ABC Appt', 7670987654, 3.8, 2018, 'NonCitizen', 'Job');
INSERT INTO [Student] VALUES
    (823746237,004, 'Aagna','Kathrodia','F', '67th Ave ABC Appt', 7670987654, 3.8, 2018, 'NonCitizen', 'Job');
INSERT INTO [Student] VALUES
    (883455700,001, 'Misha','Williams','F', '67th Ave Apt', 7670987654, 3.8, 2018, 'NonCitizen', 'Job');
INSERT INTO [Student] VALUES
    (893425709,004, 'Tom','Cash','M', '4th St W', 7083689361, 3.2, 2020, 'Citizen', 'Internship');
INSERT INTO [Student] VALUES
    (938472639,004, 'Jared','Shumi','M', '40th Ave CBC Appt', 9197263545, 3.7, 2019, 'NonCitizen', 'Job');
INSERT INTO [Student] VALUES
    (948855056,001, 'Sofia','Ritchie','F', '8th Boston St', 2876457462, 3.5, 2020, 'NonCitizen', 'Internship');
INSERT INTO [Student] VALUES
    (973445758,002, 'Sophie','Turner','F', '45 California Ave', 2019876456, 4.0, 2019, 'NonCitizen', 'Internship');
INSERT INTO [Student] VALUES
    (980055754,003, 'Jim','Robbins','M', '878 N St NW', 2130987654, 3.6, 2019, 'Citizen', 'Internship');
INSERT INTO [Student] VALUES
    (993455788,002, 'Jamie','Clark','F', '445 California Ave', 8019876453, 4.0, 2019, 'NonCitizen', 'Internship');


INSERT INTO [Applies] VALUES 
    (32955723, 945 );
INSERT INTO [Applies] VALUES 
    (57839457, 947 );
INSERT INTO [Applies] VALUES 
    (98898765, 998 );
INSERT INTO [Applies] VALUES 
    (113455733, 997 );
INSERT INTO [Applies] VALUES 
    (129557234, 995 );
INSERT INTO [Applies] VALUES 
    (183455555, 999 );
INSERT INTO [Applies] VALUES 
    (183455777, 948 );
INSERT INTO [Applies] VALUES 
    (346655705, 950 );
INSERT INTO [Applies] VALUES 
    (392837465, 949 );
INSERT INTO [Applies] VALUES 
    (453455765, 951 );
INSERT INTO [Applies] VALUES 
    (553455706, 952 );
INSERT INTO [Applies] VALUES 
    (553495706, 954 );
INSERT INTO [Applies] VALUES 
    (555566543, 953 );
INSERT INTO [Applies] VALUES 
    (558893765, 946 );
INSERT INTO [Applies] VALUES 
    (564094349, 948 );
INSERT INTO [Applies] VALUES 
    (578394857, 995 );
INSERT INTO [Applies] VALUES 
    (668898765, 947 );
INSERT INTO [Applies] VALUES 
    (673455709, 946 );
INSERT INTO [Applies] VALUES 
    (823743237, 997 );
INSERT INTO [Applies] VALUES 
    (883455700, 952 );
INSERT INTO [Applies] VALUES 
    (893425709, 948 );
INSERT INTO [Applies] VALUES 
    (938472639, 954 );
INSERT INTO [Applies] VALUES 
    (948855056, 948 );
INSERT INTO [Applies] VALUES 
    (973445758, 997 );
INSERT INTO [Applies] VALUES 
    (980055754, 999 );
INSERT INTO [Applies] VALUES 
    (993455788, 998 );


INSERT INTO [University] VALUES 
    (001,'University of Maryland','College Park');
INSERT INTO [University] VALUES 
    (002,'University of Southern California','Los Angeles');
INSERT INTO [University] VALUES 
    (003,'Carnegie Mellon University','Pittsburgh');
INSERT INTO [University] VALUES 
    (004,'George Washington University','Washington DC');










INSERT INTO [Location] VALUES 
    (004, 'TX', 'Houston', 87654);
INSERT INTO [Location] VALUES 
    (001, 'DC', 'Washington', 20001);
INSERT INTO [Location] VALUES 
    (002, 'VA', 'Alexandria', 33203);
INSERT INTO [Location] VALUES 
    (003, 'UT', 'Layton', 80201);






NSERT INTO [Position] VALUES 
    (920,003,555,'Citizen','Job','Data Engineer');
INSERT INTO [Position] VALUES 
    (921,004,555,'Citizen','Job','Risk Analyst');
INSERT INTO [Position] VALUES 
    (922,003,555,'NonCitizen','Internship','Financial Analyst');
INSERT INTO [Position] VALUES 
    (923,004,555,'NonCitizen','Job','Business Analyst');
INSERT INTO [Position] VALUES 
    (925,004,555,'NonCitizen','Job','Data Scientist');
INSERT INTO [Position] VALUES 
    (946,004,111,'NonCitizen','Internship','Financial Analyst');
INSERT INTO [Position] VALUES 
    (947,002,111,'Citizen','Job','Data Analyst');
INSERT INTO [Position] VALUES 
    (948,001,222,'NonCitizen','Job','Data Engineer');
INSERT INTO [Position] VALUES 
    (949,003,222,'NonCitizen','Job','Data Engineer');
INSERT INTO [Position] VALUES 
    (950,003,333,'Citizen','Internship','Data Analyst');
INSERT INTO [Position] VALUES 
    (951,004,333,'NonCitizen','Job','Analyst');
INSERT INTO [Position] VALUES 
    (952,002,444,'Citizen','Internship','Data Analyst');
INSERT INTO [Position] VALUES 
    (953,001,444,'Citizen','Job','Database Analyst');
INSERT INTO [Position] VALUES 
    (954,002,555,'Citizen','Internship','Business Analyst');
INSERT INTO [Position] VALUES 
    (956,002,555,'Citizen','Job','Data Analyst');
INSERT INTO [Position] VALUES 
    (999,004,111,'Citizen','Job','Data Analyst');
INSERT INTO [Position] VALUES 
    (998,003, 333,'NonCitizen','Job', 'Technology Analyst');
INSERT INTO [Position] VALUES 
    (997, 002,444,'NonCitizen','Job', 'Data Scientist');
INSERT INTO [Position] VALUES 
    (995, 001,222,'Citizen','Job', 'Business Analyst');



INSERT INTO [Skills] VALUES 
(001, 999, 'Java');
INSERT INTO [Skills] VALUES 
(002, 998, 'C+');
INSERT INTO [Skills] VALUES 
(003, 997, 'SQL');
INSERT INTO [Skills] VALUES 
(005, 995, 'Python');
INSERT INTO [Skills] VALUES 
(006, 946, 'SQL');
INSERT INTO [Skills] VALUES 
(007, 947, 'Java');
INSERT INTO [Skills] VALUES 
(008, 948, 'Python');
INSERT INTO [Skills] VALUES 
(009, 949, 'SQL');
INSERT INTO [Skills] VALUES 
(010, 950, 'Java');
INSERT INTO [Skills] VALUES 
(011, 951, 'Python');
INSERT INTO [Skills] VALUES 
    (012, 952, 'C++');
INSERT INTO [Skills] VALUES 
    (013, 953, 'Java');
INSERT INTO [Skills] VALUES 
    (014, 954, 'Python');
INSERT INTO [Skills] VALUES 
    (015, 946, 'Python');
INSERT INTO [Skills] VALUES 
    (016, 956, 'Java');
INSERT INTO [Skills] VALUES 
    (017, 999, 'SQL');
INSERT INTO [Skills] VALUES 
    (018, 998, 'SQL');
INSERT INTO [Skills] VALUES 
    (019, 997, 'Python');
INSERT INTO [Skills] VALUES 
    (020, 948, 'SQL');
INSERT INTO [Skills] VALUES 
    (021, 954, 'SQL');



